Title,Cleaned Title,Current Price,Original Price,Size,Current Date,Original Date,Image Link,Listing Link,Category,Relative Date,Day
AW97‚Äô-98‚Äô 20471120 ‚ÄúDouble Sex‚Äù 9-Pockets Denim Pant,aw9798 20471120 double sex 9pockets denim pant,170,170,34,Sold 22 days¬†ago,Sold 22 days¬†ago,"https://process.fs.grailed.com/AJdAgnqCST4iPtnUxiGtTz/auto_image/cache=expiry:max/rotate=deg:exif/resize=height:320,width:240,fit:crop/output=quality:70/no_metadata/compress/0IF2CropSkK8jEglbP6X",/listings/44128579-20471120-aw97-98-20471120-double-sex-9-pockets-denim-pant?g_aidx=Listing_sold_production&g_aqid=cab80a5d39679680d327fddd232b6bff,Bottoms,2023-06-12 23:40:07.107669,12
20471120 Pins / Badges,20471120 pins  badges,64,64,os,Sold 4 months¬†ago,Sold 4 months¬†ago,"https://process.fs.grailed.com/AJdAgnqCST4iPtnUxiGtTz/auto_image/cache=expiry:max/rotate=deg:exif/resize=height:320,width:240,fit:crop/output=quality:70/no_metadata/compress/cCBCF3N9TsCsip4num3b",/listings/39068144-20471120-20471120-pins-badges?g_aidx=Listing_sold_production&g_aqid=b2a5bfb50f6b404d8fab098a212f29d5,Accessories,2023-03-06 23:40:07.107669,6
20471120 Hyoma Dragon L/s,20471120 hyoma dragon ls,150,150,s,Sold 4 months¬†ago,Sold 4 months¬†ago,"https://process.fs.grailed.com/AJdAgnqCST4iPtnUxiGtTz/auto_image/cache=expiry:max/rotate=deg:exif/resize=height:320,width:240,fit:crop/output=quality:70/no_metadata/compress/JziO16sUTESnA1d3g0Jg",/listings/38138441-20471120-20471120-hyoma-dragon-l-s?g_aidx=Listing_sold_production&g_aqid=d91939ec3634b619a36112cb6603709c,Bottoms,2023-03-06 23:40:07.107669,6
20471120 Hyoma Blue Striped Sweatband,20471120 hyoma blue striped sweatband,54,54,os,Sold 6 months¬†ago,Sold 6 months¬†ago,"https://process.fs.grailed.com/AJdAgnqCST4iPtnUxiGtTz/auto_image/cache=expiry:max/rotate=deg:exif/resize=height:320,width:240,fit:crop/output=quality:70/no_metadata/compress/C09FvnSTQWizSePDNA8v",/listings/39273094-20471120-20471120-hyoma-blue-striped-sweatband?g_aidx=Listing_sold_production&g_aqid=a0136783e8993a864994749d60f4b8fb,Accessories,2023-01-05 23:40:07.107669,5
ARCHIVE PUNK 20471120 STYLE LOW RISE BOOTCUT PANTS Y2K,archive punk 20471120 style low rise bootcut pants y2k,55,55,30,Sold 5 days¬†ago,Sold 5 days¬†ago,"https://process.fs.grailed.com/AJdAgnqCST4iPtnUxiGtTz/auto_image/cache=expiry:max/rotate=deg:exif/resize=height:320,width:240,fit:crop/output=quality:70/no_metadata/compress/xj4WaeLPTxqwX1QZexeW",/listings/46776408-20471120-x-hysteric-glamour-x-japanese-brand-archive-punk-20471120-style-low-rise-bootcut-pants-y2k?g_aidx=Listing_sold_production&g_aqid=063122f6ff170786c57fd4c2ed01cd4c,Bottoms,2023-06-29 23:40:07.107669,29
20471120 Paper Reconstructed Levis Denim,20471120 paper reconstructed levis denim,180,180,33,Sold 5 days¬†ago,Sold 5 days¬†ago,"https://process.fs.grailed.com/AJdAgnqCST4iPtnUxiGtTz/auto_image/cache=expiry:max/rotate=deg:exif/resize=height:320,width:240,fit:crop/output=quality:70/no_metadata/compress/a4J42uRyaLQWrJma0EAj",/listings/42472210-20471120-20471120-paper-reconstructed-levis-denim?g_aidx=Listing_sold_production&g_aqid=063122f6ff170786c57fd4c2ed01cd4c,Bottoms,2023-06-29 23:40:07.107669,29
NEW 20471120 HYOMA OVERSIZED CREWNECK,new 20471120 hyoma oversized crewneck,275,275,xxl,Sold 6 days¬†ago,Sold 6 days¬†ago,"https://process.fs.grailed.com/AJdAgnqCST4iPtnUxiGtTz/auto_image/cache=expiry:max/rotate=deg:exif/resize=height:320,width:240,fit:crop/output=quality:70/no_metadata/compress/BWJLyPqDQLOb5rRCTarW",/listings/46326812-20471120-x-beauty-beast-x-japanese-brand-new-20471120-hyoma-oversized-crewneck?g_aidx=Listing_sold_production&g_aqid=063122f6ff170786c57fd4c2ed01cd4c,Tops,2023-06-28 23:40:07.107669,28
üî•RAREüî• 20471120 Spring Summer 1998,rare 20471120 spring summer 1998,135,135,s,Sold 18 days¬†ago,Sold 18 days¬†ago,"https://process.fs.grailed.com/AJdAgnqCST4iPtnUxiGtTz/auto_image/cache=expiry:max/rotate=deg:exif/resize=height:320,width:240,fit:crop/output=quality:70/no_metadata/compress/AcPtQFfTQ4iIfxostUbG",/listings/45754665-20471120-x-beauty-beast-rare-20471120-spring-summer-1998?g_aidx=Listing_sold_production&g_aqid=8e986efb23fe8d7c6a1446f08b827caf,Accessories,2023-06-16 23:40:07.107669,16
20471120 AW2000 'Paper' Reconstructed Leather Moto Rider,20471120 aw2000 paper reconstructed leather moto rider,410,410,m,Sold 19 days¬†ago,Sold 19 days¬†ago,"https://process.fs.grailed.com/AJdAgnqCST4iPtnUxiGtTz/auto_image/cache=expiry:max/rotate=deg:exif/resize=height:320,width:240,fit:crop/output=quality:70/no_metadata/compress/0wYUFIzNTuWgvwgvWbY9",/listings/42727478-20471120-20471120-aw2000-paper-reconstructed-leather-moto-rider?g_aidx=Listing_sold_production&g_aqid=8e986efb23fe8d7c6a1446f08b827caf,Outerwear,2023-06-15 23:40:07.107669,15
Masahiro Nakagawa 20471120 double sex denim jacket,masahiro nakagawa 20471120 double sex denim jacket,155,155,m,Sold 19 days¬†ago,Sold 19 days¬†ago,"https://process.fs.grailed.com/AJdAgnqCST4iPtnUxiGtTz/auto_image/cache=expiry:max/rotate=deg:exif/resize=height:320,width:240,fit:crop/output=quality:70/no_metadata/compress/VQvYbqJQuWVMcRNNOrLQ",/listings/42551398-20471120-x-japanese-brand-masahiro-nakagawa-20471120-double-sex-denim-jacket?g_aidx=Listing_sold_production&g_aqid=bff6580c48ee84135e89ea48242a61dd,Bottoms,2023-06-15 23:40:07.107669,15
20471120 Skirt,20471120 skirt,71,71,32,Sold 21 days¬†ago,Sold 21 days¬†ago,"https://process.fs.grailed.com/AJdAgnqCST4iPtnUxiGtTz/auto_image/cache=expiry:max/rotate=deg:exif/resize=height:320,width:240,fit:crop/output=quality:70/no_metadata/compress/h73lFnJSQleVFtSnroMD",/listings/44905192-20471120-x-beauty-beast-x-hysteric-glamour-20471120-skirt?g_aidx=Listing_sold_production&g_aqid=bff6580c48ee84135e89ea48242a61dd,Skirts,2023-06-13 23:40:07.107669,13
AW97‚Äô-98‚Äô 20471120 ‚ÄúDouble Sex‚Äù 9-Pockets Denim Pant,aw9798 20471120 double sex 9pockets denim pant,170,170,34,Sold 22 days¬†ago,Sold 22 days¬†ago,"https://process.fs.grailed.com/AJdAgnqCST4iPtnUxiGtTz/auto_image/cache=expiry:max/rotate=deg:exif/resize=height:320,width:240,fit:crop/output=quality:70/no_metadata/compress/h73lFnJSQleVFtSnroMD",/listings/44128579-20471120-aw97-98-20471120-double-sex-9-pockets-denim-pant?g_aidx=Listing_sold_production&g_aqid=bff6580c48ee84135e89ea48242a61dd,Bottoms,2023-06-12 23:40:07.107669,12
Rare ‚ÄºÔ∏è 20471120 Gold Printed Shirt,rare  20471120 gold printed shirt,200,200,xs,Sold about 1 month¬†ago,Sold about 1 month¬†ago,"https://process.fs.grailed.com/AJdAgnqCST4iPtnUxiGtTz/auto_image/cache=expiry:max/rotate=deg:exif/resize=height:320,width:240,fit:crop/output=quality:70/no_metadata/compress/EHOdEVVmQeaz9zZ8bsTO",/listings/36914981-20471120-x-beauty-beast-rare-20471120-gold-printed-shirt?g_aidx=Listing_sold_production&g_aqid=2545a3171785099630350324bc74eb0e,Tops,2023-06-04 23:40:07.107669,4
20471120 tribal longsleeve,20471120 tribal longsleeve,97,97,m,Sold about 2 months¬†ago,Sold about 2 months¬†ago,"https://process.fs.grailed.com/AJdAgnqCST4iPtnUxiGtTz/auto_image/cache=expiry:max/rotate=deg:exif/resize=height:320,width:240,fit:crop/output=quality:70/no_metadata/compress/EHOdEVVmQeaz9zZ8bsTO",/listings/40287410-20471120-20471120-tribal-longsleeve?g_aidx=Listing_sold_production&g_aqid=2545a3171785099630350324bc74eb0e,Tops,2023-05-05 23:40:07.107669,5
Vintage 20471120 HYOMA Japan Black Sweatshirt,vintage 20471120 hyoma japan black sweatshirt,115,115,s,Sold about 2 months¬†ago,Sold about 2 months¬†ago,"https://process.fs.grailed.com/AJdAgnqCST4iPtnUxiGtTz/auto_image/cache=expiry:max/rotate=deg:exif/resize=height:320,width:240,fit:crop/output=quality:70/no_metadata/compress/7GbnYBiAQjuQPq2U7BkI",/listings/40185924-vintage-vintage-20471120-hyoma-japan-black-sweatshirt?g_aidx=Listing_sold_production&g_aqid=2545a3171785099630350324bc74eb0e,Tops,2023-05-05 23:40:07.107669,5
20471120 Hyoma Denim trucker vest,20471120 hyoma denim trucker vest,135,135,m,Sold about 2 months¬†ago,Sold about 2 months¬†ago,"https://process.fs.grailed.com/AJdAgnqCST4iPtnUxiGtTz/auto_image/cache=expiry:max/rotate=deg:exif/resize=height:320,width:240,fit:crop/output=quality:70/no_metadata/compress/NWRa78ySaCrBUIXrzLxg",/listings/35346903-20471120-20471120-hyoma-denim-trucker-vest?g_aidx=Listing_sold_production&g_aqid=b531c8dc2dc8b2c27610b4a93d083f67,Tops,2023-05-05 23:40:07.107669,5
20471120 ‚ÄúSki Boot‚Äù Black,20471120 ski boot black,445,445,9.5,Sold 2 months¬†ago,Sold 2 months¬†ago,"https://process.fs.grailed.com/AJdAgnqCST4iPtnUxiGtTz/auto_image/cache=expiry:max/rotate=deg:exif/resize=height:320,width:240,fit:crop/output=quality:70/no_metadata/compress/NWRa78ySaCrBUIXrzLxg",/listings/43779018-20471120-x-japanese-brand-x-vintage-20471120-ski-boot-black?g_aidx=Listing_sold_production&g_aqid=b531c8dc2dc8b2c27610b4a93d083f67,Shoes,2023-05-05 23:40:07.107669,5
Hyoma 20471120 Double Sex Jeans,hyoma 20471120 double sex jeans,135,135,30,Sold 2 months¬†ago,Sold 2 months¬†ago,"https://process.fs.grailed.com/AJdAgnqCST4iPtnUxiGtTz/auto_image/cache=expiry:max/rotate=deg:exif/resize=height:320,width:240,fit:crop/output=quality:70/no_metadata/compress/YiELdYRJTiWeDCq6Zeuw",/listings/43826667-20471120-hyoma-20471120-double-sex-jeans?g_aidx=Listing_sold_production&g_aqid=29ef0d04e6740ac19b2478a420386ded,Bottoms,2023-05-05 23:40:07.107669,5
20471120 HYOMA 90s Beige Mascot Hoodie,20471120 hyoma 90s beige mascot hoodie,224,224,m,Sold 3 months¬†ago,Sold 3 months¬†ago,"https://process.fs.grailed.com/AJdAgnqCST4iPtnUxiGtTz/auto_image/cache=expiry:max/rotate=deg:exif/resize=height:320,width:240,fit:crop/output=quality:70/no_metadata/compress/JRvm6Zm9RlGRthttzKnq",/listings/40678551-20471120-20471120-hyoma-90s-beige-mascot-hoodie?g_aidx=Listing_sold_production&g_aqid=2a4330cdbe0d00da38dab7c452f64145,Outerwear,2023-04-05 23:40:07.107669,5
20471120 Double sex Denim,20471120 double sex denim,120,120,30,Sold 3 months¬†ago,Sold 3 months¬†ago,"https://process.fs.grailed.com/AJdAgnqCST4iPtnUxiGtTz/auto_image/cache=expiry:max/rotate=deg:exif/resize=height:320,width:240,fit:crop/output=quality:70/no_metadata/compress/JRvm6Zm9RlGRthttzKnq",/listings/42241517-20471120-20471120-double-sex-denim?g_aidx=Listing_sold_production&g_aqid=2a4330cdbe0d00da38dab7c452f64145,Bottoms,2023-04-05 23:40:07.107669,5
20471120 A/W 2000 ‚ÄúRecycouture‚Äù T Shirt,20471120 aw 2000 recycouture t shirt,180,180,s,Sold 3 months¬†ago,Sold 3 months¬†ago,"https://process.fs.grailed.com/AJdAgnqCST4iPtnUxiGtTz/auto_image/cache=expiry:max/rotate=deg:exif/resize=height:320,width:240,fit:crop/output=quality:70/no_metadata/compress/JRvm6Zm9RlGRthttzKnq",/listings/39838486-20471120-x-beauty-beast-20471120-a-w-2000-recycouture-t-shirt?g_aidx=Listing_sold_production&g_aqid=2a4330cdbe0d00da38dab7c452f64145,Tops,2023-04-05 23:40:07.107669,5
20471120 Pins / Badges,20471120 pins  badges,64,64,os,Sold 4 months¬†ago,Sold 4 months¬†ago,"https://process.fs.grailed.com/AJdAgnqCST4iPtnUxiGtTz/auto_image/cache=expiry:max/rotate=deg:exif/resize=height:320,width:240,fit:crop/output=quality:70/no_metadata/compress/N58dYmV4Rw2TIKz11H3P",/listings/39068144-20471120-20471120-pins-badges?g_aidx=Listing_sold_production&g_aqid=9d295f87677aa4342f508a8df78d0379,Accessories,2023-03-06 23:40:07.107669,6
